Cement (Kg/m^3),FA (Kg/m^3),CA (Kg/m^3),Water (Kg/m^3),W/C ratio,Strength_7 (Mpa),Strength_28 (Mpa)
374.57220355347175,778.7518705662635,1032.7434481855605,181.11352051387104,0.4835209841939494,14.227151469961695,21.49227203901481
363.088568638252,809.4333498982802,1046.9615707308674,184.9614886289215,0.5094114896610807,17.388076689445512,26.2565330352223
365.7147314019812,777.3199192511149,1085.748973909532,198.6084614810621,0.5430693500359942,16.72452502634948,25.267744692663328
409.5739318178434,736.9358584665283,1042.8631739140098,190.6341648630993,0.4654450638911345,15.425082302211878,26.254215319222894
401.6086669233133,810.669237778046,1014.694173122928,181.88534089361715,0.4528919713984856,19.17365113241223,28.186225949118867
371.3148662448624,811.1279246265532,1006.1870695901962,193.67516581642784,0.5215928136007066,14.911203494286768,24.50908844136271
386.6347293491528,740.2362315032107,1077.8349811558137,182.1242718893396,0.4710499550723784,15.983589107998768,26.143896554978564
349.01729025982854,845.3069250767627,992.9300010295896,197.4957098552596,0.5658622520054305,20.08710429361696,30.15399352350894
365.375470444901,794.9023761234753,1027.0704127464985,197.54157309023284,0.5406536263906702,16.509628041640877,26.532373433311857
419.4994325380553,749.0654090841939,953.5790074008032,179.98244656078012,0.4290409774140822,19.398252867460577,28.689194345701274
376.4308304316966,765.2682832229823,980.2031997760588,194.63506402104292,0.517053993154154,19.98414057322741,31.983258299198027
457.9782158833357,766.878799963896,977.7692849129688,1831.6007194741,3.999318430334856,20.4512263919712,26.9025686127974
448.696063936748,715.5423285652895,1070.698462340568,1868.8514833925403,4.165072158190337,19.51212450407021,27.318982568561584
450.1235080287737,767.7488289450312,1022.8758202280292,1878.899737114443,4.174187092211003,19.912515807144032,27.83651765581141
365.73992360005445,827.6230014175933,1040.9378987056382,190.895247833584,0.5219426032426601,19.833243685352308,29.793294221841965
372.4474014841564,806.8359534931243,1061.0511935514037,181.46190315939256,0.4872148454688891,16.022263381495335,28.64243608551036
382.0238011869475,813.2990976155037,967.1698897859044,188.4160675200076,0.4932050488336044,19.53012489527746,29.50496581212971
383.7683657615391,784.575159999712,949.05427172362,190.33538668481663,0.4959642421467451,20.154547151588726,29.55661833198731
378.8036922042311,791.8728302027874,1013.4006244758472,178.96497055691134,0.4724477987939537,14.333567199125763,19.84916190643841
353.4743122323606,824.2464279550912,1037.995477381762,181.80440754018773,0.5143355577722334,15.659403084169917,28.537063411655566
362.93184085064496,752.9776494809996,1082.0755780486547,185.87575489888343,0.5121505858048307,14.016764528015464,21.16860255691459
393.3536329919908,766.5237992970672,1087.4986793738144,193.50567616843347,0.4919381948923642,14.669642267877446,23.29836933366992
358.983557018692,765.9936188506374,1024.5502906787935,192.080810471098,0.5350685476134398,14.715560299275282,24.263756469613565
371.05838016498194,780.0136784593085,1037.4643142649743,199.0593400792032,0.5364636691150767,17.360658919191437,28.93460625245135
361.0560656607479,784.7170050122597,1051.5059967413874,181.17277746888084,0.5017857188947289,14.628253176888856,24.841328247183263
379.7010368345191,757.5506076439009,1036.196656548439,193.16745709897896,0.5087356587418671,13.667972728013472,20.00416215919822
403.6997095129461,777.531081289325,977.8938561839326,193.35533222036088,0.4789583139746109,17.607227798919524,28.015408718791047
380.04582749116895,787.4640140496401,1019.1041984634955,180.6616144290373,0.4753679723881069,16.449726360652246,26.401449926693303
365.5396744249844,782.1429059100975,1012.6541854356792,189.96295427182923,0.519678074809943,14.084515130922194,19.58719632549697
382.0244055405379,754.0720748715953,1029.9194849218743,187.77490370744368,0.4915259365216609,13.84206848058195,22.1581540360338
388.7385866301873,778.6568465789003,1007.690084158168,196.5482472524651,0.5056051907690973,20.78076006120745,32.9169531094851
375.6711549761988,755.4850989611414,1013.0476356861052,196.4007780216204,0.5227997290184911,16.00685233664108,26.76262147342389
377.4878619921672,729.664449686379,1053.9208889880183,187.18812451846188,0.4958785258169335,15.88098961389871,24.882272133508383
364.2170060177402,780.8361478456156,1068.2289557511206,188.277299655442,0.5169371461097328,13.494145361489045,21.535809274819115
368.0454252204468,824.0641690240024,1037.6073724160958,175.86514376508788,0.4778354293080823,14.725440314021697,24.27913534100735
437.69005195340327,763.420071201732,1025.5869643815709,1897.806729860672,4.335960393412626,19.70372389486979,27.675648711379544
377.6467261309284,814.5923559890739,1001.5868392174468,184.30330826528407,0.4880309969942304,20.429222051502418,33.33776192085284
379.6858217613071,722.8736084391151,1059.1012512685888,183.170694873822,0.4824270077405572,15.591336394269296,25.987463718657192
394.919403540977,741.0459411530304,1063.9004252995678,198.8869950045072,0.5036141380272052,15.599875766965996,25.385946397343663
405.2445729505332,774.185939338694,1010.371149750219,180.6759221762858,0.445844150017378,19.87249907101069,28.39946600068575
414.7222681845547,789.9173362591434,989.703538041774,188.57353925719744,0.4546983697853444,20.34644235760148,32.675993387174564
401.7025281892385,807.1413972544619,991.5501587464836,199.34719411007163,0.4962557617166923,17.57502673938443,28.39862776570561
355.3315253880418,789.7878656096494,1047.3391186437111,185.71894717815587,0.5226638615173265,16.72759333545304,27.505898966616247
394.3750039535754,769.1966691565922,1057.272022949429,185.7230121270876,0.4709299784855288,20.35314633971373,33.28707728650505
348.8516046072234,787.1054129563986,1090.4000646011948,187.7523643710904,0.5382012348272934,14.8824273089414,24.34756698531143
370.9890433734983,803.9493096891647,1021.3312844708556,179.03555041191885,0.4825898597540854,15.392502767008974,28.421707775545872
351.65378969480344,832.5277938662425,1046.1241432885145,191.392392774187,0.544263700215756,14.925836608269648,24.20729984561361
386.9991416767814,809.0213662255948,1019.7223140046096,191.46185691365292,0.4947345776636383,20.418690788517,32.157216382669844
338.9735382659797,825.1145808974293,1043.5079597833226,184.1036823519356,0.5431211040652867,17.512966637103112,27.54489511928359
380.9809972076052,748.2006315972535,1023.393432082816,182.40636529921667,0.4787807440165298,15.854790446740427,26.19599514421554
338.5184462415464,864.7483572781877,989.2531085372268,182.965318877776,0.5404884753229161,16.674302159523585,27.63205188889372
389.2083962616015,783.814760056904,999.7020369689502,181.9810477244046,0.4675671169285061,18.770477632288333,27.78665134558685
366.26702666692256,839.1610678975721,1068.288731291514,188.153889454668,0.513706874372211,16.688705581706284,27.80474368536965
415.0471646087725,781.116729681697,978.9407136475212,179.7146497623003,0.4329981387337053,19.53441511859713,29.58355427189667
365.05818385774256,784.2504792922448,1047.2912884498735,179.726668150962,0.4923233503539224,13.96580642316908,19.71533478903109
356.1437157092773,841.4669938708394,971.2674230455992,193.2024914590935,0.5424846289210001,16.08423243012156,30.00419686894808
391.12650606114,743.8673431906063,1063.271296904237,181.33318444052784,0.4636177339824222,15.90813497675384,26.421761901943885
387.6660159114092,778.9608605624252,1062.2715254412492,191.10705410857136,0.4929682929757862,19.95806397513585,31.836349763272818
417.944933137068,804.6640966070014,974.0056307949868,188.9727539230292,0.4521474934619061,18.830509323228043,29.032709543655493
372.95564950484726,783.4888911029808,1051.625121706643,193.68924371210883,0.5193358619698063,13.830211150449308,21.654502292893653
392.37562706319846,762.6757577739672,977.9337275997916,195.68939423573755,0.4987297394091672,17.548182571137307,28.28646589217908
348.12551932584523,831.0065629514245,1099.6082592682965,184.26622962422564,0.5293097443159649,14.740585520166489,24.66799468825577
420.40751266393687,789.6982774303299,952.1988226471716,192.9019400145119,0.4588451305072486,20.108267428797635,29.71694672057294
381.62213862433447,776.43043105235,1032.3462222303472,185.91163724790107,0.4871615622669912,17.783150747624724,29.17829452833124
382.1471145393229,806.7287363612502,1031.290236089242,191.63668856450496,0.5014735981861917,19.88074281624029,32.92221552780524
408.1572534592129,754.181214904235,998.9300365755196,190.88707710823863,0.4676802273889124,19.349340845292662,27.74492026444249
381.3484785397288,780.862511349628,1031.936048100145,181.8366465667952,0.4768254150720347,16.217639057584208,27.037481141984266
382.3391060401069,729.963207898216,1057.8425559378684,193.25609853554292,0.5054573165091584,15.41217321231046,25.09011097484469
362.6602731048249,798.6261037177713,1101.2230778954688,187.02516338142289,0.5157034758184399,14.276356680498235,19.987886280481188
358.7669314381964,743.6198887282422,1047.8025443238066,193.9760503122744,0.5406742743392725,17.317225607591027,26.52482815962492
372.5772672793681,834.5092093025102,975.8073056590964,183.40843129629445,0.4922695166980492,15.583845645570204,29.284935616419308
344.3778323296023,825.8756001220106,1019.1288341127064,185.61112594463464,0.5389752432351312,14.698275972823623,25.30611009173677
381.25492097300526,800.8489813082482,1012.429392538138,176.1701027044137,0.462079551012241,13.7663437905292,19.96486229796798
367.03354703248925,801.752508734428,1068.6667321895184,185.75968334284252,0.50611091232595,14.872921097464546,22.47616713117404
374.5740742400841,743.7117302516897,1008.88567838128,180.8362318194796,0.4827782920810803,13.785460450525663,19.61625753306072
341.08435573870275,786.9729862070882,1011.1394616168304,193.7338640707455,0.5679939897893199,17.14617161724207,27.18890153639106
411.2924789479636,718.2875230104237,1010.15040867802,191.9839211704437,0.466781988480595,15.584145809636846,26.14896542944737
349.8636555728513,817.8324038718865,1005.3161968007022,196.1282597998985,0.5605848354804581,19.11409285765606,29.038119191148628
347.42713194531035,829.7658900679165,987.788950952358,179.3824455764752,0.5163167440956004,17.46236336392499,27.50469329401644
358.72098865025214,794.8373249425284,1035.1923225205198,193.9564521678761,0.5406888871980137,15.236025618643174,30.098314424209043
406.9126025236519,795.6230149792746,1023.255328434522,193.0509166810241,0.4744284533920353,20.035142522762893,32.82578906056845
382.1509111365947,776.4264186512963,1037.5782596831914,191.06969821211285,0.4999849343387214,14.519900481551293,23.669999845266616
350.32534628209925,740.5350399638312,1095.258625842638,198.7612044622141,0.5673617583529391,16.788422430479017,25.588344792254222
357.09409735922,769.3304470682006,1069.9281314167972,180.4274120466452,0.5052657363449602,14.013610491308048,19.879951616645823
413.3302123819231,738.9416406947962,1047.3663009383044,184.6064409233853,0.4466318584831788,16.110533457968472,25.452461260953203
347.779862358844,762.1120202576351,1028.0838663640784,193.5276893816065,0.5564660589287428,16.89809269197438,25.67894534525285
351.4183943045309,822.6611729939249,1068.9426629321454,192.6626316639841,0.5482428773976675,17.444662023265494,28.278332776729087
391.3020451921872,785.8657779084909,987.1481803631572,188.219872206862,0.4810091705869265,19.165019634936733,28.306029627799425
349.96791582292445,818.2006689028545,1057.2810196984033,186.5813469825009,0.5331384351155971,19.196411302038364,29.68107023486679
353.9342962069881,861.311563198372,983.3085048830563,191.87548163173705,0.5421217544838443,17.24466072973253,28.60042107718727
398.148599395566,788.5403964641641,1068.860643023715,182.70756049436628,0.4588928876598756,15.394807744110873,26.27107277434038
397.35176242311,804.6522791985567,1090.5760648250623,179.91516330335315,0.4527856179778939,14.804619365194029,23.748342651247675
386.57795110307376,775.9733459513673,1105.6914744832254,177.55869886806536,0.4593089139238638,14.495520615298162,22.945438983191604
371.26680271605767,762.2888757550718,1046.115090733035,176.08028077862923,0.4742688532626339,15.465600135484358,25.24380082397663
355.11108569839763,838.829494353615,1036.98283160373,194.16772983886955,0.5467802545701989,15.995304270340569,30.17024232190418
394.8131173518512,806.7011386264658,1069.3010655131554,197.848630612088,0.5011196992114333,17.22880418774268,28.464186443290707
379.83716211404425,817.3811519616262,1003.6569482596768,181.34716561456872,0.4774339735618605,13.61783201471685,21.228268673140168
380.2782327060377,757.9928960333018,1039.6471176305506,178.37923450353725,0.4690755850898985,14.092200510981606,18.949027170973533
384.10539636776224,791.9309464120214,1075.2405972090164,194.8882722449556,0.507382281238141,16.367171564063536,26.826526650854586
366.1070888799369,812.6279634548346,987.6809370973872,180.58293488363384,0.4932516751754434,18.9846615782299,30.247318984015408
391.1196209947598,738.6558775890692,1099.641763176016,189.1747981045692,0.4836750394250961,16.01931468048735,25.746444270193287
378.1320191002632,801.5558532560011,1003.3499217040091,188.98085643322904,0.4997748058545659,19.19468678427189,29.51960572772107
415.03514407356096,799.5169758098837,957.9027806499008,193.42476533594663,0.4660443051580807,18.67876761488948,27.820170374714667
381.5093710778231,800.3078775757149,1078.960818666126,189.1562321528769,0.4958101857851649,14.179521581776068,19.90741130414237
358.9196430800804,763.6412429887422,1010.061665399831,196.56949168021345,0.5476699185181008,16.876965699834333,26.506495134490955
366.6750701319503,733.8405144365428,1086.2318734531132,193.3949419214541,0.5274286627990817,15.462570043994326,26.13241612357868
390.5906036333754,751.655144185144,994.2351460554725,178.06741423244242,0.4558927239314336,19.319172366669573,29.19185148492855
343.5598645002178,807.2856498264595,1018.2139342854622,184.8176255067676,0.5379488252378514,17.275483793038024,27.18772888098234
379.3079300100068,786.0854979485302,1051.7910798800497,193.73506025475515,0.5107593196104392,16.57011036601299,26.5143903569898
391.34248766773015,747.8928842134794,988.341704958994,187.2281225931901,0.478425237466565,19.057641907272192,28.661616169315035
411.07810409378175,770.105102027113,1090.9967630600593,188.3197485817361,0.4581118446989179,16.211127569573296,27.32353761186078
415.6347667026464,795.3006270704286,1024.513179537097,178.9378314144622,0.430516996530461,19.1869672625328,28.42928784369637
345.8614492539388,830.0662432264273,989.96464052126,182.66789747168067,0.5281533916709001,16.675465238325852,27.200120500629744
399.92639779901305,786.9881254119464,1010.2440881039282,181.1687362119665,0.4530051959786226,19.395229267820064,28.823503346565325
394.2999461990692,765.8721225707475,1067.1413458931863,182.7441741888701,0.4634648722386803,20.691972099035763,32.473820621052425
374.2190313945967,796.264715001453,1015.9196349261372,191.1974591586041,0.5109239325591521,14.624390548068574,22.395331766503045
359.3183404235276,846.4906754415833,1070.3805103307518,190.3679476126229,0.5298030359046986,15.574290290227804,29.95146619749077
367.8829434239004,763.5112808037592,995.322584327464,187.5509947127792,0.5098116073749847,17.30684833058737,28.631067922693607
367.3946698366397,751.4876386885874,1058.8490881260434,197.64342832023647,0.5379594331298214,18.104573427212664,28.24285259382966
371.0523521257446,745.8689360444425,1052.698639942099,182.318149732006,0.4913542487670874,14.204324845818292,23.037551305247007
348.707685774848,833.5238325507763,1011.9526890181028,184.4375655555308,0.528917408704945,16.85341882623882,28.411185758832616
434.28030654933343,744.3809321365509,989.8947289721184,1774.0764347507943,4.085095289830424,19.55988112212032,27.485766304038457
397.05130148313776,763.9170637992219,1058.6367620091803,187.33015303229783,0.4718033975270914,19.85074344257012,32.697502392310355
385.06254514149873,770.4553596353808,1039.0299834909315,195.0601697694612,0.5065674972303071,16.11057371226096,24.934465929286613
396.28907592678127,807.839293569267,1011.942634081651,182.38945202925785,0.460243451330857,20.90529499050236,31.730238757545017
384.3669155096744,762.7165849080934,1006.2131620472024,186.0346282075101,0.4840027086119687,17.55342684370716,28.5039636714456
386.7568916288717,754.3179962636469,1049.135603631567,180.9700413160668,0.4679167850219561,16.033620541351222,26.642368827178974
416.1050101322836,749.2170252520187,976.4596807874786,181.98165375242272,0.437345500104815,19.258314722060373,29.130380279443568
364.0085180220435,768.5794846964046,1078.2398958178078,183.6510877432128,0.504524148888437,15.296024296706396,26.00734554740113
392.2971051246773,728.2054364510385,1083.9980296500032,187.39336274180383,0.4776822471892769,15.767776070383713,25.0522093868904
382.9127947565848,779.2353641546993,1035.5511754117997,178.41681930474414,0.4659463505735361,13.67028848262795,19.77290945157547
363.8369773131474,804.1771993391328,978.064926679655,188.8310089671853,0.51899894936919,17.19207860738318,27.904501237206663
380.1816088347708,734.6876454981041,1088.9062664284131,185.26960359948083,0.4873186900526798,15.708214987345816,25.412608558769435
391.9850982287285,825.590689347713,975.997504135334,198.0883546058315,0.505346645831532,20.33835942490549,32.42620919337263
363.8598560264037,804.9153371346775,993.2107793395464,194.63201074776543,0.5349092721392213,17.54134080430191,29.38497827480561
392.0521972707853,815.2410214133678,1041.2676723655593,194.3926754722924,0.4958336589503359,17.518112227938907,28.38560779381875
381.0917149331518,797.2723236163324,1081.448760077242,186.5839767419759,0.4896038655017862,13.890846814623606,19.65232346355545
384.2747473087598,738.540345475489,1012.9960431214596,182.2449174995973,0.4742568143650769,15.82984041393554,25.26059887646229
346.8169934131584,784.2822321605599,1026.5321592057962,187.82647980962489,0.5415723086725157,15.306470126814924,25.19321829592571
352.1451645723235,760.5282291008563,1010.1246642265622,198.17975514205,0.5627785784954257,16.573298718852154,26.57113562894946
388.853989894869,761.6084965243967,1021.3719064554016,189.65453587312723,0.4877268609855397,20.2581461654434,32.27633520360764
338.3212429121224,771.4168059129005,1089.7017555820323,179.2323160004146,0.5297696191278463,14.646060842488748,24.634730167604925
420.5269201767747,817.3101223708218,951.0506347258652,193.20125814392424,0.4594266118866046,19.72439559175102,28.17900156796809
367.15730671088,779.6666541357608,1084.611414115034,180.6151455186445,0.4919285064395325,14.368926816609529,19.906306444812344
390.5407080211641,794.6438583835418,1092.4386403774986,180.26255595659524,0.4615717446459551,14.225265732249088,22.51640287344409
395.6775739596425,749.8018406446903,1033.5137921131002,196.5440177522901,0.4967277164217974,20.446927925610108,32.94221061549428
384.4650046917805,781.9031770409382,1005.5528410202384,188.51662130494867,0.4903349303692269,13.67013615943763,21.83629346318272
407.7621346109884,795.97171111092,1024.7530543906266,192.71941725585089,0.4726270560647038,20.41019249823843,31.697020612799225
367.46761635761874,850.1908533570515,1041.8931960063012,188.35638914014748,0.5125795600906488,15.571908815931282,29.810809007443485
381.50413269723344,788.2472473862574,1031.9098602754973,183.361501464958,0.4806278248379448,16.153311053549068,25.518554042379847
390.35189503748734,745.5914778563239,1076.3756750431844,186.6840802069424,0.4782456101283029,16.13649022285111,27.132605069412456
390.55889477577216,778.4743155576492,1091.237992487592,182.9486614400434,0.4684278450375018,15.41650985803717,25.5338571399703
388.6312423760192,738.226753453339,1007.6675490962416,191.53897761831485,0.492855325905558,15.861032762817835,26.332954356085324
373.1681171323606,813.4890237045225,972.3426976436195,182.17478084637327,0.4881842056773487,20.002540090567063,30.17822864251812
367.1745199822925,752.6362991459276,1089.8678148387264,188.2722372006156,0.5127595379159078,14.383772809133196,19.63322075727221
378.9028926295314,811.3163623315916,978.6200302677383,187.0298118556184,0.4936088256219381,19.886662740043704,30.602473501406976
411.60730626004585,713.7798252578252,1011.6990155524217,184.3026479398712,0.4477633053078805,15.377871464623206,25.36771665638394
411.39126497363344,764.709608338487,1089.7973767370202,198.6466216582114,0.482865433885532,15.953072630661548,25.964874781998663
366.89988095864857,756.1430542987865,1065.440650845646,183.85439770559205,0.5011023640160661,17.41533648468301,25.59688713819846
401.40299021390206,757.6724345218045,1065.8258609356158,177.49414441375953,0.4421844100343532,14.259644682208442,23.20868289024524
385.154296588122,782.7757252542128,939.280175204286,185.40261944680347,0.4813723255567629,19.021035492171787,29.02057881139597
342.01282427887173,841.0649947595776,990.6600770947852,184.2803264260203,0.538811159536407,15.23288479705726,29.702789208267355
369.8260950462361,800.6230012960316,1054.4028691149954,188.312314205718,0.5091915273912051,19.90879102026173,32.745688642942
382.6858454599464,709.0854931510745,1075.4857601672895,190.3024405916306,0.4972811062894369,15.3462508576104,25.66838915468249
387.4974069893494,774.281446982719,1087.332363525698,189.1279223279104,0.4880753236449622,14.245713126740233,21.80525119549096
409.282145247726,721.4654315598182,1026.3118649476396,199.11229872733543,0.4864915341147335,16.545389449850028,27.40589152628523
363.8484631508793,814.6005302685417,987.988070360744,196.30057051549323,0.5395118858426841,19.72506251288734,30.506849042201843
353.01197377501177,815.4062720482294,1009.0215530278218,187.4479380517449,0.5309959774090064,19.75112259870464,28.90831979961727
371.40631903997576,758.410487229652,1105.1661180349124,181.9294735783523,0.4898394675906701,14.443779028102652,19.843716801437186
401.9804379232616,711.847338281005,1050.5973172013353,193.29336371223263,0.480852662161467,15.89496403613136,25.85778053828328
373.155847623561,732.3193618463713,1082.281097882909,182.02100069142332,0.4877881503147335,14.359268678891732,23.116024766309
385.63800287894577,814.6380355829455,978.4811811525864,190.88335343860723,0.4949806606547714,20.190507333866933,32.88084076081709
377.90705789880246,805.6102761110216,1037.6009719994042,194.37205136952377,0.5143382408633753,17.353778843171675,26.53362091510848
388.2553995173402,767.0460603404749,1016.3626462285636,188.6980743524953,0.4860153254457642,14.728978827033153,22.51659509331767
420.2336611952889,768.2161625233331,966.863094811716,177.2254781146078,0.4217307999804624,19.138351704419453,28.87356138600509
359.94863803660945,817.2460624917923,1005.8053645847684,192.59246141824443,0.5350553969832117,16.068357436871114,29.29670058554069
381.7791893795434,812.4231470663232,982.1977158896336,184.6157215186398,0.4835667491951878,17.371965825221867,28.405510046453333
390.8904945504749,729.0438830896552,1080.4858079090811,182.1400505267442,0.465961830911764,16.377971366746895,26.861558215170955
389.8467026955702,764.5116465974882,1034.7981214288511,198.91552977597144,0.5102403801304018,18.122107444794,29.01298089046554
414.1355326963982,765.6246425373987,1069.3757255201938,182.6605903759612,0.4410647625106567,15.680782270399662,27.444980574533265
428.12840582823446,736.6738050191641,1054.9453257526363,1919.152768913813,4.48265693840408,19.479139930257407,28.48125412876768
372.9992780609448,816.976017588577,974.8398877844368,183.0589664517872,0.4907756588790956,18.125249045746468,28.79205355443019
360.9488274671037,772.7694590949146,1006.5295147149176,187.1526404390858,0.5185018656311956,14.86225328289711,24.50164342314405
343.3205612637188,852.1333019539379,1006.8856773518796,176.3978368298043,0.5137992207064633,16.991422042910997,27.47607826144752
452.1479425980056,706.1877262135631,1036.8017086496136,1812.5834828534776,4.008828332688012,20.03491188005856,27.63275808077308
437.9196864203424,774.6148052637636,989.5448641218508,1839.1707264574115,4.199790015130906,20.12843286444755,27.93857982842338
375.2224839546479,801.254606399296,1106.1083549244415,193.75631143149587,0.5163771354781466,14.251765138724725,23.39036414923392
357.9733235181149,814.7830924505637,1044.756645901498,192.9151619964377,0.5389093245845605,17.527973575065058,27.31193440047313
413.2354348348018,759.1845454684011,975.9086242946872,180.4455225009203,0.4366651726589144,19.558535887501844,28.86994766834857
404.14477747701073,787.0936553139753,1034.65443612547,188.0347303691653,0.465265768230449,18.087833103684574,28.710309620454574
338.4015868915131,827.9531751967718,970.9438271894306,178.98121208732675,0.5289018108083094,17.437908040739938,28.47702986430497
390.4190591988906,795.2108518211667,1036.924292932713,194.7848404143248,0.4989122222004429,20.70619335994688,32.12741203744463
384.0835605156839,783.1868360597313,1062.1430008065229,188.4917006651084,0.4907570123856197,14.419542132261103,22.38007025458549
383.6504038292256,756.5502312764606,1048.4777476170416,191.28229548668244,0.4985848928542454,15.449916238469918,25.52084629769796
382.1877884299869,772.2287222650198,1036.910129013674,191.50294741596744,0.5010702937491917,13.913548150441912,19.792793902712347
351.1561512590435,824.0587759270669,1006.651071461234,181.2682191173031,0.5162040262355644,17.628920727581626,28.294505832630044
364.1914049934219,802.7778969547569,1051.4809083347327,187.5724341865131,0.515038058599711,17.929860479054547,28.231998853121404
391.9137144427465,749.3947756330487,1013.7052449105277,185.40576369821989,0.4730780191294001,15.526205379856576,25.09569557624125
386.6433390342197,772.4945403528869,1052.8767883431856,182.95092705090275,0.4731774961076228,17.606089070991903,29.17966747838209
354.8384416144957,781.7559990231485,1068.1770537982077,183.64406906894024,0.5175427674447268,17.205375619544885,25.46301043113498
380.2581459727376,775.1800250962744,1027.3795699345894,189.00270735902544,0.4970378921812128,17.660689936932332,28.605408463818296
351.3100448750168,834.7732691002462,979.2169573759808,196.48275291588465,0.5592858951294318,19.30490418224684,30.102825673911944
378.5741414702212,780.8656030420557,998.1359190673338,181.160457115389,0.4785336272885378,17.205070733808814,29.06207643320603
353.0140919606032,840.6644106053845,986.4557562490148,192.7220645351776,0.5459330630820414,16.650228920608487,28.25243698833448
365.5744518909367,776.2968824907102,1008.7783100702828,183.0147467412697,0.5006223651423793,14.059656624254746,19.679602521356987
361.9341838102183,804.6650889090336,1036.65140976712,191.1370686243648,0.5280989670889675,19.18524814791497,29.007412628996526
380.471261010362,720.1015494780222,1044.4273413548378,180.85818161965472,0.4753530690843142,15.949217432030151,27.56474986007633
346.5054743403125,836.1672075926506,1033.2184973677608,182.8440548054291,0.5276801330585991,15.479122415311249,29.86628312228952
403.6914483183772,787.0567340056997,1070.265139436124,190.58025297916285,0.4720938572591682,20.92039114944517,33.22245787518867
395.1668185819033,801.9382544975487,1030.349530892848,191.68153143819663,0.4850648445789691,17.627060759026406,27.766057263761592
379.18142146326704,732.388019998074,1022.9358321817097,191.14617331621423,0.5041021592739912,14.307775027785768,23.214150776339626
409.92986200361617,812.4266599154594,974.399942732846,192.1504614337744,0.4687398485550665,18.89186244958993,29.20915944987505
363.5710798659714,812.1490384241736,1107.3433197024938,198.80552958478063,0.5468133759650775,16.967642020624673,25.51025762837863
363.1581731204966,818.6773617674924,1097.1284598136638,184.83160574826653,0.50895620539136,14.478466075044317,19.93164253473603
373.8870945568255,794.249542517437,1016.3662629026444,181.9662285423944,0.4866876423164108,13.68862662094844,21.67852274820587
417.7916941824223,753.0720392255918,941.1624885687426,194.2186529420048,0.4648695884729633,19.09876443969689,28.59644122399039
404.1460416682207,757.4146472470695,1027.3122162459156,186.23029840128083,0.4607995110692302,19.173331599380568,28.48782484724813
379.7347225176956,746.7749348839408,1048.1348280047523,198.4399862154259,0.5225752991449937,17.176568974493428,26.07316632140583
361.1825788302112,791.8515226080439,1018.8398301723628,194.0458351903725,0.5372513697057125,19.191854196287228,28.990180359022
415.6007052581548,757.5029135484559,1029.5317811498176,186.6411089064493,0.4490875654085217,15.828606731566335,24.86442942640729
379.4317499182466,764.0692631021924,1081.4352815807829,184.0789549206228,0.4851437839882533,16.447894386642517,25.35610235126996
352.6340937218269,759.9379936683056,1092.2717160860154,180.83510683124643,0.5128123175006924,14.49169677052612,20.0427428262254
375.0958159810747,789.5550481062825,1004.690798692847,193.1240401908857,0.5148658874953426,14.292497363808051,22.834910118743444
366.1797745394411,785.3622759252552,1099.9903850654553,176.13441247169118,0.4810053004517315,13.712271474989372,19.68136021976286
389.9123385645896,792.6175297790462,1011.9157747223032,195.43391214433817,0.501225257102153,16.534959578536363,26.72721428511335
412.5050542452908,765.6904131987408,1036.6985934898423,184.77223152112265,0.4479271941508145,15.777990399751753,27.29899902119742
361.0302789231076,810.9933047372529,1012.6353291047752,194.19596820609368,0.5378938541812822,20.114203862284143,30.52063416553728
410.786493611109,771.4050183753733,1043.349320388891,188.45581408484296,0.45876828234585,17.84078365382268,27.73685278108446
374.13203989554,824.5323155449789,1007.5015750093856,185.50930741440823,0.4958391360071797,20.641568269414325,33.353394636744014
399.9739980206915,780.8921648193377,1025.8560529284991,191.77804160074484,0.4794762723321423,19.295059691539453,28.701317427452874
383.5314148900978,803.423346881833,1006.1872053084544,186.33894956569,0.4858505518226872,13.595374273004447,22.24778008452072
400.137168520113,749.979888334997,1023.2355887260472,194.83834126004533,0.4869288748671987,16.164061083626407,26.134152867639667
375.63596890455096,813.7121969497304,1067.4815501280484,176.6575230144265,0.4702891566257733,13.757359324158262,19.74235873709144
412.655818286908,783.3690691258846,1000.4781135169115,179.89100205184533,0.4359347283618625,18.835668160288417,28.098743754219857
390.8642258876155,794.8211785020865,998.291898584932,183.86587038086765,0.4704085413888307,18.14077089832404,28.071656915139737
368.4682357454975,772.8139266619478,1095.0217673160607,197.9776602727749,0.5372991239590021,15.984661295470667,25.53106929069909
402.4384794561451,794.3261614001291,990.4749008815704,197.11135899485768,0.4897925249624085,20.929477713167948,31.71595673925388
385.4389638639079,775.3018679733001,990.3617798137622,194.2480712907997,0.5039658402552822,19.84372201414252,32.31168764970334
405.0053571543347,810.1800395091273,993.912156164408,181.01069819007952,0.4469340836918907,19.40918785677612,29.39549796479569
416.0040970460885,768.1995931372353,941.4947544463244,176.68929049234237,0.424729688353928,19.05705923354247,29.759101470160527
380.1521381769927,734.029027429107,1092.1301669877107,188.6363868041733,0.496212878635309,14.262803696017045,22.962921510154853
390.22328683131695,755.0172644035622,1021.0718481163616,184.67920027695027,0.4732654521378733,18.88254316817382,29.35906830253538
382.60506615458513,788.567895053808,979.812717966857,187.11804041522163,0.4890631540660775,19.92388001771375,32.726320331849195
373.5050118252505,766.9223476453737,1063.5921071044122,194.2576995518152,0.5200939569793547,20.37838356796449,31.71821971847115
400.4971088498093,779.0500583470603,1003.5984614287336,197.1302980106365,0.4922140351444146,18.107052943718045,29.10650764459104
371.4981576121368,776.2454606210488,1047.0706093743208,187.13301830858927,0.5037252930442949,14.77233255856166,23.14388240711204
360.5098221139783,787.9368148183478,1063.779577635668,193.27364259544163,0.5361120023363373,15.874354920902366,29.560369303819623
361.24989691248817,774.144156777861,1045.4128125115312,185.65037535861103,0.5139112203084846,19.86191314598814,32.31506486391461
440.4445826305461,740.6359904963685,1041.1697946262248,1832.520356756008,4.160615044488273,19.68515676582012,27.179204535626315
392.1809394636823,748.1615835335494,1059.1457559843186,189.0734441819177,0.4821076833577905,17.674388525615495,29.26716649961612
386.3819603067775,785.3398486506923,1104.9139930896872,184.13513904667252,0.4765624639941107,13.576325424707798,21.484304198281663
361.3669196135983,750.8727943219496,1064.6493249999037,177.2204768712431,0.4904169896368518,13.64970719526246,21.49969990065067
381.3326464198621,782.6437611859868,1074.3328282374002,190.3549831620961,0.4991835473548936,13.604029435048632,22.32120152520192
347.870108815252,786.6678471501211,1000.3056349671492,187.5793442525936,0.5392223692096921,19.57542884077415,29.63416770606828
441.94205402070713,707.502933459277,1057.612002344852,1898.3181893359144,4.295400657315516,19.305340803507782,27.71405308965748
366.9818483881213,766.6380782057234,1054.398984167428,198.89427885829963,0.5419730695997486,15.284623508666694,26.14467124107129
369.32861822426,748.4633470474654,1096.7344801196764,184.997503545582,0.5009021625105956,15.283056707886251,24.839459192102616
395.50664487886553,777.0358000657777,1105.5324239776985,181.83709830777363,0.4597573786995819,15.810218576272034,27.24060114155393
343.5654435714915,786.6044851038198,996.616807944018,179.96551786851586,0.5238172849914906,17.128310080708815,27.180710848817647
371.17758812821694,829.468233766704,1035.0287356147455,197.72979972797432,0.5327094254938473,17.66675091200586,28.96017633964226
371.7009955807496,799.2379832634658,1062.8957090484562,180.7793484969986,0.4863569122663958,16.480280070625476,26.712535172000536
395.1714701474928,823.6378091701596,1021.1319977506702,187.46530901796467,0.4743897856492414,17.95713418439466,28.50456780324929
366.6980911964355,748.2321988810518,1035.2717608740006,187.0114084242208,0.5099874062994267,13.9364506435227,19.226206740732373
395.36375336105294,792.7733555565029,1053.6627834230214,188.06098061004008,0.4756657104028946,20.352436290784578,32.88008278195255
378.4020335140796,789.9062919762249,1024.2593045168646,189.56886210507292,0.5009721019324794,20.796072219488487,33.032651305298174
376.5333252763757,765.338960855655,1048.0216319329895,195.04863764628,0.5180116195641227,17.864247997033342,27.96121996592993
442.23415958730567,730.4702944396626,983.9786887204824,1879.6127521631656,4.2502658634901165,19.307377876772723,27.418942601907453
403.922794848736,756.0932922539615,1013.6285047948056,196.9111923590017,0.4874971030856094,15.657996516102052,26.057602521130715
369.1151580575332,776.8466044757065,1026.0168869845625,189.3484023941957,0.5129792105819789,14.099334692600628,19.912844832112103
361.6312880895754,776.5134891284596,1066.1575554757042,193.4195797943873,0.5348530012880898,19.00760018892296,29.90896195272555
378.6046843584741,748.6029815121033,1028.68107879616,196.4132008739464,0.518781750433855,15.971691414211076,25.44991138935944
371.0330094600288,792.26299642197,1010.9974293510052,182.67456344257525,0.492340462398278,15.27013958847166,24.827494658598688
350.150737743666,781.0508395897533,1105.2730819146932,195.33566845148715,0.5578616504143598,16.693961106981458,26.422446274619407
376.38950876162016,829.0024499590513,1007.8515883578158,199.3940285153969,0.5297544800635761,19.521121563271954,29.063779026184307
397.24075605862686,789.9667223306143,1006.776468027687,189.3920402591524,0.4767689049287805,18.07778583554735,28.02545681417497
414.1167637582859,729.8632487884402,1045.9351845599394,192.61447536113124,0.4651211740695375,16.38257517187061,27.48582631419038
411.0332790928904,710.5705607808617,1095.168702082872,182.8814623424806,0.4449310351368186,15.248924399438538,26.30240210236059
373.4093450788994,784.4534974677147,1099.7581434664764,196.79459775749385,0.527021083834718,15.61622117112439,26.166389913319566
388.3359839922695,750.9766352962329,1049.52776797196,181.74309839721337,0.4680047842304288,15.885850143343353,24.807203332730133
383.67613709935017,764.1066452365675,987.0532632513653,186.1351960532532,0.485136233544425,17.450014014618763,28.858880368002467
391.2032486129911,778.5824051015846,1005.0578974825954,196.67737635542795,0.502749854590284,16.14586217228211,26.49105980251976
409.2733939679098,771.8035075886102,1071.7535933573618,191.35668772425947,0.4675522292545196,15.680860480542089,27.57478187514885
378.6138337722881,753.1880337194353,1089.8040851119065,185.18667086001776,0.4891175502356198,15.715573729985037,27.48366877409433
397.58928280262177,812.2362632715575,1067.8699395046651,190.48444778244115,0.4790985472236805,20.930302070980936,32.34680902074449
348.5326709153076,789.1400837650567,1067.3498182089884,193.83349119266543,0.5561415252223699,17.331490981902654,28.20478331379353
401.788334551091,789.2868412645223,1020.4077589035506,188.87382259485688,0.4700828927895115,20.046480089548755,29.792833988440485
405.7586929433261,749.685435752983,1093.874257614666,198.5902890591564,0.4894295366011895,16.010745909340034,26.1808888935517
355.8023648849472,789.0399654172688,1049.628681412322,189.6828477257384,0.5331129482151546,14.900131303484724,25.24208867171142
353.1900618328022,799.8920528732205,1015.2837499173344,180.4249749726005,0.5108438613372209,15.304484210459378,28.89882058624816
441.4922574286744,707.4756894091469,970.1192562256448,1912.493805652821,4.3318852674597474,20.298384217755515,28.41841731713474
354.3812248773111,825.6388595761675,973.8098106745222,178.38281762768753,0.5033641883523731,17.120850563170972,28.365761288993863
397.9820989736901,770.0430625755923,1058.2504003407298,177.09029002035982,0.4449704910774566,14.70866809203477,23.21095463383456
383.2036686022528,751.4670638643955,1035.7537912414612,179.19336126106202,0.4676191173082327,13.77639462778594,22.15021676317453
365.1982675964842,781.0907450109471,1067.8413550455764,186.06165617844488,0.509481212501338,16.097346086199817,26.0642585943312
391.259650413307,776.3610740574754,1059.4058258241482,188.7086205873485,0.4823104564654347,17.869432988607347,28.81028190773285
397.7184109349437,763.5696408556508,1062.6694244459404,185.5703693892875,0.4665873248187194,16.12773488021451,26.706782685121283
389.2390929558478,750.3698179999394,964.116946301692,180.09711765336502,0.4626902099830805,18.946227734493743,28.89020834702185
424.9333382344058,760.0709509167688,1031.0622844115735,1934.084899012577,4.551501906272364,20.030403438865537,28.209701558471856
354.16173667515875,746.9216870770563,1052.2055609409776,187.1239764340068,0.5283574058302043,14.07470139906586,22.11570775246524
384.3420980381153,780.9830248787179,1024.1211385018994,183.5065077565068,0.47745617431247,13.861026358471635,19.097517447643664
436.5710605054592,757.7124158303959,1006.719240058086,1865.7591337680244,4.273666540351668,19.36809184925676,27.163885713683044
395.3371076048898,747.4914001851015,1067.928237967558,176.15361194330822,0.4455782383053217,14.82824903198943,22.878144865274308
408.1871764423782,760.6943343127413,1029.4071795001116,183.97175460649308,0.4507043954930894,19.165089378381804,29.382719300614863
373.30177757572073,806.7310679345421,1086.4181484697071,179.6474875614528,0.4812393038364598,15.231635144087855,25.37913882758871
448.92749212434495,776.3548167965977,989.4527313886796,1757.93625872383,3.915857882539554,20.024110722287865,28.32298845281215
398.7209300927964,759.5913418268007,983.9731553036546,181.42107171317403,0.4550076457510043,20.75328897145517,33.369916552653045
384.1392004905246,742.6777068255163,1079.2386462803695,191.27327319480688,0.4979269831107094,15.450512117338018,25.68782102320624
377.1569803205055,765.9384205369336,1101.679446835141,198.34009288772435,0.5258820683079398,15.246555287515626,26.29323765479632
375.3296762256861,801.4956990593257,1069.4741237480168,185.52800337501927,0.4943067791513004,18.049869154205886,28.52638542676797
401.52506494932726,738.3872950570488,971.6446114785614,187.55926627843644,0.4671172055027413,17.740072378422457,29.23061949708809
459.2050474197086,715.299134273031,1003.09514967342,1762.9870305484592,3.8392152709443272,19.48796386033181,28.042064927260547
357.84972537540074,809.2366727906755,1046.688959662177,176.18175040378736,0.4923344574848133,14.246791810163945,21.80811061962729
368.6708894893517,822.7700141618652,1069.3173238500049,198.3028363289787,0.5378857999980665,20.2844671214554,32.36100286889715
379.1662506250966,747.2495772016555,1022.8526160113404,182.17843948696228,0.4804711368340969,16.176921454423898,24.9150770820956
398.8920314562885,745.5952274107003,1091.6990518581106,196.12600630927204,0.4916769221817959,15.788032807257675,25.157509554351787
400.9309339910653,744.8468374088053,1051.9228272968628,195.1019359758662,0.4866223068240827,17.685544284462075,28.1620608935845
341.97969342125,786.0239404414373,1007.019505481972,182.03201970234463,0.5322889727201372,15.360738482664273,25.21837716566124
390.4289264263256,781.4001671178431,1091.8991143598116,184.75831453681425,0.4732188166177753,14.593628394083224,23.548943085577548
365.6056024038043,829.0161607091134,1006.5409122358816,183.08363601359528,0.5007681359635812,19.67675657997048,29.820856416337083
410.8835282357955,772.8924294708974,1012.1597905835478,199.4562181360913,0.4854324995516212,16.45299608428012,26.21199995637822
382.709835929214,733.2235768419104,1031.7527849949909,176.87758277883066,0.4621715100406928,14.170403842442166,23.18601437792123
376.8467155689564,770.0574854428658,1070.1205452122613,196.9656072872828,0.5226677032063491,15.527834006103204,26.239385545040903
361.6304141340277,823.615775846828,1087.456649816075,183.10821065774212,0.5063407376733486,14.685693264253237,25.048044766457604
355.1708507730859,790.4498198255085,1041.326351897394,181.43245224132448,0.5108314825003455,19.56667849509482,29.45050989787578
384.9305185301018,811.6964557707807,1001.6895851195552,180.0976429035341,0.4678705226887599,19.245854903945794,28.47536898741491
384.9443370056108,795.8208612145681,953.5789451580476,188.20626442368,0.4889181274562738,19.509073555164058,29.666259303251547
398.2091502354658,773.4461782305003,1070.7515060042524,185.9296182514681,0.4669144798443875,20.615727523014684,32.399452078890235
378.60645800326034,801.4692634326611,1073.567279196553,183.09202808606005,0.4835945721889492,19.30292089835467,29.050918930684965
379.9853246770392,815.6857425476577,1006.0478614354064,183.6417667974885,0.4832864715330021,19.72987122358716,30.59594026470556
368.3345737297647,751.240782432114,1010.986067084479,188.2593641384481,0.511109674642077,13.743094780089788,21.44006854501035
382.31482524796826,777.8523324674147,1040.3244398905904,187.85049945045367,0.4913502878906524,16.098923428422623,27.39147633459125
413.8307439609141,781.8827182356337,960.8883430532672,183.19639577678927,0.4426843545343069,18.705179982287014,29.216885405433743
353.04421037034234,795.3930515766713,1102.8991058956622,188.5984900143635,0.5342064378184371,17.390897018494126,25.774739436093785
361.8033029035431,814.0473574574662,1048.832319754703,191.6370861038259,0.5296720194810285,17.251986473835945,28.40491246161163
360.73720729644697,850.9016799710105,1053.681547558217,177.19266613352417,0.4911959802025927,15.82598864347744,28.881989834818416
371.0091142680648,802.2625443429544,1046.4363059508707,184.880535623462,0.4983180426394606,14.251620853961583,21.83768243721314
362.6144970982982,795.7496876561194,1059.4052259672164,195.83622893355732,0.540067290471483,15.865205818747622,25.630809823591168
364.8918723155904,723.0515294127193,1042.9980761540533,188.8084027164995,0.5174365806460098,16.25033785640859,27.5547049321232
418.2514208193862,731.2621723331296,1066.28349239601,1916.274994530392,4.581634153869134,20.029117084473874,27.081268729557987
355.57854081557684,865.6334045317147,1028.1927799288992,185.05283901220483,0.5204274661450498,16.797503161220117,28.2339178710175
380.3236574607627,775.2338598626436,1048.1354023764334,193.99499444864327,0.5100786938784038,17.720460000666122,29.127545700617183
378.0853327574493,761.4090964262354,1035.0567804648133,193.04657531077925,0.5105899610092075,19.923769998553865,33.1917086652624
377.5875868003759,760.6836558562206,1026.8041366702075,185.76584450202768,0.4919808039140834,14.010936147264584,22.754620572893945
415.50438770670496,711.0123300571281,1100.7830296524266,182.08127515394128,0.4382174545951324,15.603680767454216,24.842786322511625
365.67220930511377,788.5407019416665,1089.4557467277086,188.62875506056537,0.5158411010205458,16.64743961021683,26.062537923954068
362.4766929142749,788.0653552481403,1064.3454431772163,184.8239750899977,0.5098920253438427,17.077427345241496,28.56463155177508
438.6847323507095,770.4957800515009,1044.4879319244978,1771.403877871826,4.0379884396242565,19.87950452954305,27.72568952290892
368.5868328468658,819.0489326365542,1108.5895848708506,192.27098995391245,0.5216436747587072,15.090932470346011,24.54383175853853
387.6804543807992,761.5252436359191,1054.444145879399,189.8120940955964,0.4896096564856824,13.905869263124991,19.14966578082923
415.0531220393816,758.6248319120485,977.9752857372212,191.3487820470796,0.4610223893916976,19.63067839097576,28.702660350258032
401.8505476977852,759.3210158807641,1078.4018656233122,197.957051554804,0.4926136164026809,15.810904308916005,26.08325877525273
409.7081278591744,747.5213831952527,991.1744647702476,191.45168448787533,0.4672879825163767,17.173727154606333,28.04227715830152
442.6313254374793,760.8518733110897,996.404578188724,1900.5261129729367,4.293699979536091,19.76155683726604,27.23806375711736
379.9439627029501,778.3763237927681,1077.4552608971587,186.8366156896964,0.4917478208115917,14.76640357041204,23.368045493184795
375.4765773506321,805.737030900867,976.6769653649876,180.98241621002344,0.4820072066466511,19.06617572568821,29.84249875805868
360.9400612859308,791.0347582755353,1065.802221472739,187.0267304351028,0.5181656194349215,13.792056430364376,21.438525194475027
383.242331087466,740.2853453367458,1048.5657469816656,193.656067490642,0.5053097003693064,14.296764038620664,19.983985497631128
384.17648255781,762.2735769279955,1063.4495255869078,193.53532911620297,0.5037667267597001,15.3380960574535,25.302927172149413
390.4938434996564,732.3341972851144,1089.4969791246203,182.8067000690403,0.4681423359474837,14.405942090452632,23.730156099360105
408.7365290947216,757.7272806877604,1041.4455762040625,192.75798170464336,0.4715947021705348,15.676273044931351,24.938064726849014
372.9895048344652,773.0563747484293,1094.0929343544433,188.18675608938835,0.5045363305139288,14.03717195639551,22.734306801241704
378.0993629579919,758.5733047427733,1025.8426291367805,181.4350885418589,0.479860868112642,15.653149663318423,27.223625001329104
384.02655892494846,723.8940964985711,1091.1867063016657,181.4882293937399,0.4725929110262625,16.130597032282544,26.095139811957413
376.6200861605269,731.6420499932455,1108.097190593106,187.8681368020536,0.4988266523893748,14.040488834369336,19.560421552224284
392.4779947490297,749.3519153091713,1023.1876054352103,178.28461631049788,0.4542537892462024,14.436703749630864,19.64446099212383
376.6816452440801,753.0351736305554,1020.9054142764656,183.14788401357123,0.4862139855391575,17.737231377001706,28.51154692907357
430.1851712864623,765.9914102001777,1005.9972514700884,1803.2947739348035,4.191903613372069,19.818177578407937,28.291808763031984
366.0040005169306,748.1158479975925,1086.9289008789178,193.9961265219567,0.5300382680188296,13.809714513911205,19.874266449645777
366.3467757580467,759.6245647449258,1027.2139387533127,181.7730655451496,0.4961776043177228,13.751935905503863,19.95639837465692
383.0321164758344,764.9582206528681,1015.1656483281176,192.82310430043304,0.5034123667606298,14.239213092836412,22.25251098487444
364.51974970055096,761.5402229824093,1096.4247234367965,192.7257978107592,0.5287115388647154,14.152746475023596,21.29169603957493
371.9058221277568,787.645515179143,1012.8448372431296,185.53304041580355,0.4988710296448906,17.89489744251634,29.243748808685005
387.7713923135117,811.3097403479804,1011.1141946719902,181.38955697481384,0.4677744685924666,13.821397117475533,21.18199287684483
362.54141844328734,838.9563341256194,1035.3459185261029,194.1927082324794,0.5356428213535472,17.50383934744981,27.58112065939968
361.7591489932437,810.2211200818741,1057.552749668845,187.89352454824603,0.5193884524306949,14.264880981407469,19.00919237198131
456.1397759876449,766.1931140093493,1005.2923345206276,1866.623740287764,4.092218742042623,20.372081541773888,27.11865134309552
364.3816762360415,781.4147637077272,1059.3314123177654,179.00353093175218,0.4912528335145923,14.703404335951983,24.81540843782411
421.3643071089131,777.40981607546,1005.1064974364546,182.96724155793788,0.4342257720245037,19.06815985081043,28.843143091020977
412.8648608746081,778.4524574987554,987.5320936853162,182.95286159314009,0.4431301351381051,18.90257931125447,27.90381367479128
414.34990070374414,800.7608696919324,1018.0249590393676,179.08343577831363,0.4322033997695016,19.52635143197085,29.700264855753755
421.7912626100654,740.1349887761415,977.6615528581574,1762.6543285917448,4.178973072330498,20.344692310481893,27.437654536263555
370.5596218323229,764.1353524392398,1101.0123009070123,194.37725882856915,0.5245505645418763,16.21205812867222,27.13654925862512
343.374592213895,857.371539744166,993.3353254591526,193.3786796149884,0.5631711955395022,17.199989812152744,28.831856752625505
415.7930873331925,798.3091884009353,975.90647083188,181.4718158032671,0.4364474093765924,19.1747732555078,29.16298606772016
357.0093478588855,838.5547857984869,1003.0316414009094,182.90804408078003,0.512334047211217,17.232259407159955,27.964638012830505
379.19049399258193,803.7093077840368,1077.059800615146,190.18739794910124,0.5015616186644749,16.42769096111706,26.4350936931188
408.4019157108365,776.1212782324917,1088.4617513864189,183.6168661901911,0.4495984448814352,16.471695624346093,27.22168753417488
376.9789723926034,778.9785489845059,1049.8436155698398,195.75690855615292,0.5192780576426492,16.745221951234008,25.576864256546216
413.99205221444265,779.121299776945,1099.5117084787398,191.6245427470031,0.4628701003364769,15.77286856912573,26.33437994453381
353.191266275893,826.0662819231236,1021.0962967889784,193.6852092109635,0.5483861796844874,19.34897290081487,29.10713806002359
389.08258507289503,763.490058642932,1013.3358195809452,190.9103565248432,0.4906679554652284,14.198740789853392,23.542080825867764
394.6700724487709,790.7900619268331,1071.655552901378,195.3949701992329,0.4950843345858093,20.95097985348581,33.36531460589188
358.21102920209273,765.7690017282339,1056.0512654667689,189.1924115938808,0.528159091067918,13.861382338095202,21.30787618333765
355.3084808039691,771.1920993243535,1075.1228857451424,185.54412258341404,0.5222057243429056,14.93948702773874,24.178263966592887
396.9639890111797,758.8102364058105,975.7977022487944,185.03091552048983,0.4661151153317305,20.02542006658304,33.32659482338525
381.4322367236133,770.9887039770695,1048.0252889475178,181.9070122327432,0.4769051871317143,20.341224282451822,32.51384854719179
399.9196704206343,813.9296678816717,1070.785300581127,190.90441897491536,0.4773569121371867,17.362881772010592,29.012779653677622
366.571267540977,769.7238399533452,1044.9738626026174,197.0253642913389,0.5374817443086003,19.886493943936767,30.064382478993977
391.52833126146334,793.6741624810953,1070.8311783552472,183.2031853327393,0.4679180807745836,19.94041041868473,32.87284856370819
362.4000364837103,843.4797026250167,1044.3405735488575,186.73113869144612,0.5152624721102633,19.539756288933376,30.60597728246676
365.1760323385658,804.089441114197,1043.46696182488,181.44588716795235,0.496872387834392,15.369296111525102,29.164594277850824
398.99830739822704,788.2619746996646,1009.7613347139873,180.55505434064105,0.4525208528276662,20.21664835263011,31.922808583079465
405.2553255645008,726.3490097312341,1051.2740076826117,192.12823322393217,0.4740918159590055,16.093256894121133,27.102674346047124
368.4913980925638,757.8161805838137,1067.0124161346328,186.12744746329687,0.5051066277985199,13.786568101434012,19.379451959967184
356.5665283486178,864.6630400494619,1058.3026405125925,186.38996153526497,0.5227354412611329,17.598409038670837,28.245349340821665
353.9399917575593,809.2529872527288,1006.099193747076,191.023772156376,0.5397066638551058,14.352108189106636,19.63659539874485
386.9490322285855,813.5800173561676,1019.6210303148996,197.138718825655,0.5094694711865765,20.42983798973277,33.28199562936744
348.8363298898326,865.6607287246986,1026.4356562935457,194.0193950415801,0.5561903345986188,17.44614386975926,28.314755928753986
377.010745951588,748.2798009086536,1062.8305878133658,187.91780453934425,0.498441507456328,14.273575754678289,22.542703654645816
392.1564226974796,757.3322247312599,1062.9571581222092,189.503375181641,0.4832341489605773,14.284998045763798,19.47536050279836
373.4609392244453,829.2515802042102,989.042810842033,181.9600435565951,0.4872264390874876,20.9639079721476,32.51494887512656
406.0570100149353,745.2201766217631,946.4019153199788,184.71051781136256,0.4548881394870357,19.06821468585732,29.039609435046582
369.0880585972627,775.3843700159114,1026.1634343419018,178.21241602231623,0.482845250262556,13.818178103081625,20.10680542498587
410.7847723559875,749.0087248359833,984.7577149689856,195.8057899992664,0.4766627274819729,20.96635290915409,31.94088470201656
349.34480007677115,861.2438179084403,1045.286644386494,175.84332853215744,0.5033517845220955,17.35115537478946,27.53291531148306
420.0218805167586,730.9566217959418,1061.6342572338576,1918.349273582652,4.567260332300976,20.12455811129905,27.50876254911951
356.46379403013066,786.4500844614483,1072.1022908818695,190.42591213432195,0.5342082851708241,17.369040566002806,26.46472590586879
377.1808252523878,732.1859715422619,1054.597756806896,197.20160722757416,0.522830414551477,15.724047483326444,27.605631775684472
384.8679582815309,791.6525290112497,1085.5354286672646,185.713853702722,0.4825391402598196,15.790103959514656,27.108693959302904
409.36796641675767,776.1570424117261,949.4084696422152,189.7922594615349,0.4636226452274887,19.67497605039287,29.356901204480867
353.599284588044,838.9233588783354,1038.3133408528238,186.9559489040609,0.528722644679192,15.570110311520995,29.66305105083269
350.2001701284542,813.5603942377631,1051.4591495986167,188.4487200196148,0.5381171572546392,16.989154967971164,28.682115312284346
407.8221253751776,802.7709260642389,965.1905143726012,184.0497989796812,0.4512992001362453,19.432976051923266,29.275955406758644
381.3363544814544,818.227475487853,1013.8716813154992,195.89753215155025,0.5137132346532602,20.60314840290455,32.515365810379585
377.9767232115949,775.0895019687609,1033.6802433747189,183.29556607241284,0.4849387669033849,19.653057866232988,30.3457572683044
433.33399546635,775.073957909796,1015.4523259573484,1863.742327111024,4.300937259965681,19.916014934793115,28.362481049397115
374.7265610706126,812.6611240902487,1009.562682025065,189.57776542757148,0.5059096021534697,17.135632006697776,27.978703180388496
409.5352665981084,778.8462694226146,1024.003850274968,187.8279090280104,0.4586367142157079,16.07739277679266,24.9677117605402
378.7315771093277,743.8664977307567,1014.6586425124348,183.2723976535958,0.4839110566180515,15.650164413800198,25.23067064341044
439.3958121198174,728.2378477160531,1029.9901117397835,1839.1531562357031,4.185641067817439,20.10750036236286,27.867600008740496
367.6469725177217,806.5153290439171,1096.1197668574152,178.11508549976992,0.4844731462903159,14.091920739135544,22.13853006272172
406.0661194546417,757.4018221240096,1028.6275446203972,195.60526292584944,0.4817079129589852,15.785929272487856,24.898155053594063
387.2302294181567,777.593934130607,1065.7312270617197,185.103091025978,0.4780181839215127,15.35581735322711,26.137143585156657
381.0994575606355,759.1976711003806,1020.2266866670695,189.1630649716291,0.4963614122739389,13.680486280182407,19.65589418203177
396.127687903154,760.3598350835911,1003.20287602907,181.4674065349095,0.4581033138468093,20.80013984724178,32.96499281641555
363.2444464896786,804.1754600745659,1035.360757315052,186.8207116613881,0.514311267431026,13.895021241727376,21.89394220817722
456.5680223811319,741.0831601395831,1024.773017621988,1871.421742642671,4.098889214541735,19.27098496145992,26.95668651158095
366.2857723212836,837.5047177365713,1044.2609191311587,197.75525819275265,0.5398933650616758,19.293451530985266,29.12289122780999
392.9657008456174,762.8917810835216,966.1765524786668,191.58030798511265,0.4875242484849279,18.98476000274202,28.843988182640583
345.93866121862817,794.7733246007863,1059.075967298047,192.1368687437232,0.5554073316549475,17.377374208020267,28.83492200955837
386.31907974388986,785.0654091810758,1063.636287014387,181.5838439151654,0.4700359196225731,15.574588711766069,25.044868201084405
373.6212904946036,753.8789555104996,1094.397992765429,180.76462419647345,0.483817782324919,14.626845580341428,22.457892478039383
386.0543740458224,754.6611956184391,1098.6528494940767,193.152816040842,0.5003254179368938,16.008540669679217,26.23666050121008
366.8201540063849,773.8603141688184,1053.6446521522143,193.33069600996592,0.5270449126047769,17.49504111543199,28.17344628089489
404.0064555717139,746.0359918474502,1089.0679592252095,191.3276123661452,0.4735756315957758,14.453337580164932,19.680417048668875
383.4357277796264,714.4466897197076,1074.487348405044,194.77215711079705,0.507965593708939,16.18129905774178,25.557849949525668
365.94316087369833,769.9467327053792,1086.665087343354,177.75248028398673,0.4857379486464463,14.36273117532104,19.214242091949348
381.110341838298,739.219770988991,1086.2163706776423,192.60540494865,0.5053796336767237,15.990677395184722,27.638547360692552
350.08382211667623,802.038970954936,1022.9537240015836,191.75935708265223,0.5477526951209489,19.515574140589543,29.33645051307682
390.8096955629831,807.0422957894115,944.963411677039,185.60812722774872,0.474932247933025,20.07056445875575,29.3198792791376
410.6786791284809,760.0527869972434,1004.7852204128104,188.26858488331527,0.4584328197481501,19.90215674652788,33.22469867763861
365.0534404131302,806.2180180764681,980.3495093658404,178.46114983150744,0.4888630816067459,17.52621431314205,27.92116615606311
397.42234353115424,769.2828821938714,1020.4802467927595,193.4033220653683,0.4866443097963546,19.931181123357334,28.78596914164205
437.3840905210205,751.776651421617,1047.1690300339046,1827.752041388737,4.178826073009384,19.302035511397687,28.35615698215678
362.40947392495815,778.905897605585,1016.9365075077944,191.7653405376429,0.5291399765596375,16.501569584780107,25.769532327717847
415.897606251152,781.2779716460416,993.6761249095346,182.20957833024883,0.4381116303425325,19.7514937224005,28.476409555769767
402.8194478501822,725.498159096697,1013.3545794249048,181.2843083772364,0.4500386198946883,16.383912638631973,26.063908446446664
418.6899931198177,784.5372277495684,955.0172730569396,192.31217382333023,0.4593187727997496,19.63432446443737,29.086811671621785
361.59564724358177,817.7262859581062,1083.5623104813849,186.75986937633195,0.516488156868008,14.171573974279196,21.790093126549724
443.6425609149703,728.9822886900439,1067.2930755222876,1782.015888344729,4.016782981032054,19.64127396718592,28.18461101508011
367.60987797233065,806.907026594452,1101.7402556752982,183.60360689056463,0.4994523213121715,16.599100477893117,25.81096883703926
370.92269138289873,768.531212104661,1038.0367762724486,189.0519426906648,0.509680176173177,14.048427899737373,19.020404367317223
340.8567320057984,849.9512870006238,986.2234953005396,178.68386528847284,0.5242198510705466,17.186311316778436,28.09993838134555
409.8949028686425,756.3429626961067,1023.6990375189182,180.8477626616165,0.4412052001524209,17.605945052120095,29.27159972331697
414.44413202927245,757.7895136649374,1006.18986194311,197.0069138868213,0.4753521612725031,16.017323623037313,25.8401650084122
460.9442594314877,714.7023672284608,999.2294068683016,1941.4429576201364,4.211882278379264,19.704509943646883,28.10682682735729
354.8672235306549,783.3861769593632,1049.9490103000662,192.0982838900149,0.5413243916380479,16.95118286241469,25.62750823156233
361.7619397869916,777.1716003898955,977.0566513809746,198.4117077940543,0.548459320819876,17.633789481312487,28.01741785898497
400.57462161414907,780.4310986841015,989.2321422861008,193.7449633286069,0.4836675936880257,17.210878644103616,28.54990349799542
346.6960679607131,855.6173268736542,988.3784372830294,176.48691534965835,0.5090536976313718,16.928807095541202,27.39570317648138
399.9079478438745,767.1616821218794,981.8701301996751,183.91507099495672,0.4598935129610322,17.77381604104091,29.10743601020614
368.8568425675858,790.464869548412,1086.7563765353807,179.04982708067604,0.4854182067880946,14.069467947685798,19.449046545755124
378.1205072229586,752.8901928258114,1075.760076568265,189.4674601979069,0.5010769227763344,15.284355320317475,26.077496543740374
340.6142706533081,810.9713737735452,1070.5510046973047,188.65718168717385,0.5538733926952734,17.403982149478296,28.14890829462989
398.0341252975917,727.4939366935104,1062.136113131724,194.2054055771541,0.4879114458639839,15.87049341487334,26.088041283121044
383.35550831659606,798.0369416742067,984.316569480962,191.80361635670928,0.5003283171773478,20.457321195398936,33.305087843851865
373.1679964300728,731.3015176437924,1007.7029893634364,184.1109889920383,0.4933729332454652,15.839027278834488,25.87733744874978
388.9145004382775,822.3015531612135,991.1609195143488,188.7646602987948,0.4853628756090893,20.07619069484308,32.71684374559513
396.0125860068132,782.4797776064344,1062.5725389262584,180.4555366505353,0.4556813167736813,14.025480446607837,23.509674246473217
357.3301068462599,793.3962469337466,1031.278362719946,187.9212471250156,0.5259037610448762,14.336875165953602,19.632752838761707
385.2966693296112,773.8143132947629,1038.867085716674,185.27785787566816,0.4808706449449418,14.387513817749443,19.936562421552345
393.6116722102653,716.9751476801604,1072.396870932793,192.4807034564976,0.4890116758368776,15.36514680948388,25.7317122974963
393.9270680296619,764.9547235425766,1094.9472704127104,193.10633567629287,0.4902083440017693,15.70392555760738,26.78906127871796
364.5459134140319,800.8520953596806,1106.7015738019338,183.92915638695848,0.5045431854232899,15.214373268094066,25.43059372609886
386.2309265878225,820.8320515300016,1014.3003327810194,192.2453858887771,0.4977472611713906,17.206626216796206,28.99216828423343
407.61041476935753,802.9837790821116,1036.8651076153492,181.16993735439863,0.4444683717341028,17.249560364767923,29.32313094342648
368.9447031042517,831.3202796464877,1086.7799661290862,177.8517213507338,0.4820552235993987,14.690430915213026,24.37671597019438
376.4159173084199,758.1210331475373,1058.9094004174317,176.88193243802004,0.4699108733308166,14.026986078273907,23.619285160428948
342.2544682301937,795.2210265728901,1095.6332454655744,190.6572197246592,0.557062763009501,14.78591062432177,25.393183697441973
383.5833734724248,773.7533782426951,1006.1391950563152,185.8369129955756,0.4844759336497548,19.399692544578045,29.399433641726944
347.6321062568858,852.7462600112127,1071.4725408072136,184.50719436735915,0.5307541825006691,15.880942287683984,29.55842922359721
345.8514987825057,789.8967154190352,1011.4892484329464,192.8523209416672,0.5576159757021768,16.87460021842918,27.534488069606297
410.2489305687576,766.0846064653928,954.4834639277656,185.76176059137475,0.4528025468191712,18.892606117653308,28.473961987787423
395.9426475815739,723.5764083978356,1011.48628011304,194.93508907553857,0.4923316300130997,15.387222253474766,25.532804178986435
398.8423713329619,815.0679939744488,1050.1547965018117,196.9761171381424,0.4938695868240704,20.39651893435517,32.92915310855316
393.5738413786149,761.947963830992,1047.0551457414183,175.97012832899597,0.4471082928494582,13.947668338617936,19.21625161325213
393.752633681703,753.6664957142026,1052.7105032160218,184.6882908228299,0.469046490168053,17.685377198274246,29.39643395321624
379.9675048777792,756.5594532056439,975.0090120266974,183.38608644856515,0.4826362362422369,18.12226274736941,28.70804555827355
401.1843470056149,803.1717295866741,1014.191044042202,186.65798496161628,0.4652673673706513,20.617608701817293,32.39399895782258
384.131467742471,777.6680262931573,1010.1331138727598,196.4600050104784,0.5114394979538329,17.758356051419845,28.966877893969738
